[
    {
        "content_link": "https://class101.net/ko/products/615d1035be1e59000dd23aa3",
        "program_name": "무명 이모티콘 작가가 인기 작가가 된 비결! 경쟁에서 살아남는 인기 이모티콘 만들기",
        "program_image_url": "https://cdn.class101.net/images/8f261743-521e-49a6-bbcd-4f4728601b3e/320xauto.webp",
        "program_creator": "유랑",
        "program_price": "구독",
        "program_link": "https://class101.page.link/VYf7",
        "program_difficulty": "초급 난이도",
        "program_total_time": "총 12시간 56분",
        "program_subtitles": "한국어 · 영어 · 일본어 자막",
        "program_audio_languages": "한국어 음성",
        "program_bookmark_count": "74371",
        "program_description": "이모티콘을 처음 만들어보는 초보자분들부터, 툴 사용법만 알려주는 기존 강의에 질리신 경험자분들까지! 저의 노하우와 꿀팁을 꾹꾹 담은 강의를 준비했어요. 우리 함께 재미있는 이모티콘 만들어 봐요.",
        "program_kit": "유랑의 클래스 수강에 사용될 프로그램입니다. 수강전 미리 설치해주세요. [프로크리에이트 Procreate, 어도비 포토샵 Adobe Photoshop 어플 (개별 준비)] 클래스에서 활용하는 프로크리에이트(Procreate), 어도비 포토샵 (Adobe Photoshop) 어플은 유료 입니다. 강의는 프로크리에이트 5 버전으로 진행됩니다. 원활한 강의 수강을 위해서는 필수로 갖춰주셔야 합니다! 패키지에 포함 되어있지 않으므로 개별 구매 해주셔야 합니다. 어플 사용법, 활용법은 클래스에서 충분히 알려드립니다. 클래스는 포토샵 CC 2021 버전으로 제작 되었습니다. CLASS101에서 드로잉에 필요한 iPad와 Apple Pencil을 한번에. iPad 취미부터 노트필기와 업무작업까지! 클래스 수강에 적합한 iPad를 CLASS101에서 만나보세요. 1. iPad 10.9 WIFI (10세대) 색상 : 실버 / 옐로우 / 핑크 / 블루 저장 용량 : 64GB / 256GB 2. iPad Air 11 WIFI 색상 : 스페이스 그레이 / 스타라이트 / 퍼플 / 블루 저장 용량 : 128GB / 256GB 3. iPad Air 13 WIFI 색상 : 스페이스 그레이 / 스타라이트 / 퍼플 / 블루 저장 용량 : 128GB / 256GB 4. iPad Pro 11 WIFI 색상 : 스페이스 블랙 / 실버 저장 용량 : 256GB / 512GB 5. iPad Pro 13 WIFI 색상 : 스페이스 블랙 / 그레이 저장 용량 : 256GB / 512GB 6. iPad Mini WIFI (6세대) 색상 : 핑크 / 퍼플 / 스페이스그레이 / 스타라이트 저장 용량 : 64GB / 256GB Apple Pencil iPad 성능을 확장하고 새로운 창의적 가능성을 열어주는 Apple Pencil 입니다. ❗️제품 구성 : Apple Pencil / Lightning 어댑터 / 추가 펜슬 팁 ❗️구매하신 아이패드와 호환되는 제품을 구매하셔야 합니다. 애플펜슬 1세대 : 호환 기기: iPad mini(5세대) / iPad(6세대, 7세대, 8세대, 9세대, 10세대) / iPad Air(3세대) / iPad Pro 9.7 / iPad Pro 10.5 / iPad Pro 12.9(1세대 및 2세대) 애플펜슬 2세대 : 호환 기기: iPad mini(6세대) / iPad Air(4세대 및 5세대) / iPad Pro 11(1세대, 2세대, 3세대 및 4세대) / iPad Pro 12.9(3세대, 4세대, 5세대 및 6세대) 애플펜슬 PRO: 호환 기기: iPad Air 11(M2) / iPad Air 13(M2) / iPad Pro 11(M4) / iPad Pro 13(M4) 애플펜슬 USB-C : 호환 기기: iPad mini(6세대) / iPad(10세대) / iPad Air(4세대 및 5세대) / iPad Air 11(M2) / iPad Air 13(M2) / iPad Pro 11(1세대, 2세대, 3세대 및 4세대) / iPad Pro 12.9(3세대, 4세대, 5세대 및 6세대) / iPad Pro 11(M4) / iPad Pro 13(M4) ❗주요 안내사항 입니다. 애플 제품은 발송예정일 전 입고될 시, 예정일보다 더 빠르게 발송해드릴 수 있습니다. 애플 아이패드 제품의 환불 및 A/S는 애플 코리아의 정책을 따릅니다. 다만 제품 가치가 훼손 됐을 경우, 자사 유료서비스 이용약관을 기준으로 환불을 처리합니다. 퀄리티를 높일 수 있는 추가 구성품을 소개합니다. 1. 프로스케치 마그네틱 필름 for iPad 아이패드 전용 탈부착식의 마그네틱 종이 질감 필름입니다. 기존 필름 부착 여부와 상관 없이 탈부착이 가능합니다. 부드러운 종이질감으로 펜촉 마모는 줄이고 미끄러짐 없이 안정감있는 스케치가 가능합니다. 2. 만컴즈 Z 스탠드 높이와 각도 모두 자유롭게 조절되는 폴딩형 스탠드로 노트북은 물론 각종 태블릿 PC를 목과 어깨, 손목에 부담을 주지 않는 안정적인 자세로 내 눈높이에 딱 맞게 조절해 편안한 자세와 안정적인 작업 환경을 제공합니다. 퀄리티를 높일 수 있는 추가 구성품을 소개합니다. 【소가죽 펜슬 홀더 패키지】 1만원 상당의 소가죽 펜슬 홀더를 구매할 수 있는 패키지입니다. 가방안에 굴러다녀서 잃어버리기 쉬웠던 애플펜슬을 이제 안전하게 보관해보세요! 🚚배송 관련 안내입니다. 상품불량 및 오배송문의는 클래스101 고객센터로 문의 부탁드립니다. 제품 특성상 단순변심으로 인한 반품요청시, 개봉상품은 교환 및 환불이 어렵습니다.",
        "program_start_date": "2022년 1월 7일 수강 시작",
        "program_video_count": "영상 44개",
        "program_curriculum": [
            {
                "big_section": "승인되는 이모티콘 함께 만들어봐요!",
                "small_sections": [
                    {
                        "small_section": "1. 안녕하세요, 이모티콘 작가 유랑입니다.",
                        "time": "03:21"
                    },
                    {
                        "small_section": "2. 제 강의를 추천드리는 이유!",
                        "time": "03:17"
                    },
                    {
                        "small_section": "3. 클래스 준비물을 알아볼까요?",
                        "time": "04:14"
                    }
                ]
            },
            {
                "big_section": "[기간한정] 보너스 챕터 이벤트 (~22/01/21)",
                "small_sections": [
                    {
                        "small_section": "1. 여러분의 캐릭터를 보여주세요!",
                        "time": "05:00"
                    }
                ]
            },
            {
                "big_section": "시장을 알고 나를 알면 백전백승!",
                "small_sections": [
                    {
                        "small_section": "1. 4년차 작가가 보는 요즘 이모티콘 시장과 트렌드는?",
                        "time": "10:14"
                    },
                    {
                        "small_section": "2. 승인율 높은 이모티콘 vs 승인율 낮은 이모티콘",
                        "time": "06:56"
                    },
                    {
                        "small_section": "3. 작가의 승인 이모티콘 vs 미승인 이모티콘",
                        "time": "11:47"
                    }
                ]
            },
            {
                "big_section": "본격 작업 전, 디지털 드로잉 툴 알아봐요.",
                "small_sections": [
                    {
                        "small_section": "1. 프로크리에이트 작업 환경 알아보기",
                        "time": "20:31"
                    },
                    {
                        "small_section": "2. 꿀 TIP : 작가님, 무슨 브러쉬 쓰세요? (+프로크리에이트 브러쉬 제공)",
                        "time": "05:46"
                    },
                    {
                        "small_section": "3. 포토샵 작업 환경 알아보기",
                        "time": "33:31"
                    },
                    {
                        "small_section": "4. 꿀 TIP : 작업 속도를 줄여주는 포토샵의 액션 기능과 단축키 (+포토샵 브러쉬 제공)",
                        "time": "07:59"
                    }
                ]
            },
            {
                "big_section": "컨셉과 타겟에 맞춰 캐릭터 디자인하기",
                "small_sections": [
                    {
                        "small_section": "1. 승인, 미승인을 가르는 가장 중요한 요소! ‘컨셉’과 '타겟' 정하기 (+컨셉, 타겟 리스트 제공)",
                        "time": "24:26"
                    },
                    {
                        "small_section": "2. 승인 받는 캐릭터 vs 미승인 받는 캐릭터",
                        "time": "20:55"
                    },
                    {
                        "small_section": "3. 쉽고 편하게 캐릭터 그리기 (+캐릭터 가이드 제공)",
                        "time": "54:49"
                    },
                    {
                        "small_section": "4. 캐릭터 턴어라운드 그리기 (+턴어라운드 가이드 제공)",
                        "time": "44:02"
                    }
                ]
            },
            {
                "big_section": "개성만점! 참신한 이모티콘 기획하기",
                "small_sections": [
                    {
                        "small_section": "1. 매력적인 아이디어를 찾기 위한 준비",
                        "time": "10:42"
                    },
                    {
                        "small_section": "2. 이모티콘 메세지 구상하기 (+기획 가이드 제공)",
                        "time": "26:26"
                    },
                    {
                        "small_section": "3. 돌려돌려, 비유를 활용한 이모티콘 기획법",
                        "time": "19:47"
                    },
                    {
                        "small_section": "4. 밈(meme), 짤을 활용한 이모티콘 기획법",
                        "time": "06:55"
                    },
                    {
                        "small_section": "5. 말장난을 활용한 이모티콘 기획법",
                        "time": "06:22"
                    },
                    {
                        "small_section": "6. 연결을 활용한 이모티콘 기획법",
                        "time": "10:56"
                    }
                ]
            },
            {
                "big_section": "멈춰있는 이모티콘 만들기",
                "small_sections": [
                    {
                        "small_section": "1. 동작 가이드를 활용해 멈춘 이모티콘 그리기 (프로크리에이트 ver.)",
                        "time": "30:31"
                    },
                    {
                        "small_section": "2. 동작 가이드를 활용해 멈춘 이모티콘 그리기 (포토샵 ver.)",
                        "time": "37:18"
                    },
                    {
                        "small_section": "3. 동그라미, 세모, 직선 세개로 모든 포즈 그리기",
                        "time": "20:35"
                    },
                    {
                        "small_section": "4. 꿀 TIP : 통일감 있게 24가지 멈춘 이모티콘 그리기 (프로크리에이트 ver.)",
                        "time": "11:33"
                    },
                    {
                        "small_section": "5. 꿀 TIP : 통일감 있게 24가지 멈춘 이모티콘 그리기 (포토샵 ver.)",
                        "time": "10:47"
                    },
                    {
                        "small_section": "6. 효과와 폰트 알아보기",
                        "time": "10:17"
                    }
                ]
            },
            {
                "big_section": "(기초) 움직이는 이모티콘 만들기 : 자주 쓰이는 이모티콘 모션",
                "small_sections": [
                    {
                        "small_section": "1. 모션, 어렵지 않아요! 딱 이 원리만 알고 가세요.",
                        "time": "08:29"
                    },
                    {
                        "small_section": "2. 모션 강의 진행 방법 (+모션 가이드 제공)",
                        "time": "05:33"
                    },
                    {
                        "small_section": "3. (프로크리에이트) 안녕~ 인사하는 움직임 만들기",
                        "time": "26:35"
                    },
                    {
                        "small_section": "4. (포토샵) 폴짝! 뛰는 움직임 만들기",
                        "time": "32:51"
                    },
                    {
                        "small_section": "5. (프로크리에이트) 고개 끄덕이는 움직임 만들기",
                        "time": "21:52"
                    }
                ]
            },
            {
                "big_section": "(심화) 움직이는 이모티콘 만들기 : 뻔한거 말고, 센스 넘치는 모션",
                "small_sections": [
                    {
                        "small_section": "1. (포토샵) 슉, 슈슉. 속도감 있는 움직임 만들기",
                        "time": "34:51"
                    },
                    {
                        "small_section": "2. (프로크리에이트) 씰룩~! 엉덩이 흔드는 움직임 만들기",
                        "time": "27:08"
                    },
                    {
                        "small_section": "3. (포토샵) 이모티콘의 꽃! 춤추는 움직임 만들기",
                        "time": "44:12"
                    },
                    {
                        "small_section": "4. 꿀 TIP : 효과 및 텍스트 애니메이션 (+효과 모션가이드)",
                        "time": "11:54"
                    }
                ]
            },
            {
                "big_section": "이모티콘 제안하기",
                "small_sections": [
                    {
                        "small_section": "1. 이모티콘 제안 파일 준비하고 제안 페이지 살펴보기",
                        "time": "11:39"
                    },
                    {
                        "small_section": "2. 이모티콘 제안 전 꿀팁!",
                        "time": "07:52"
                    },
                    {
                        "small_section": "3. 미승인을 받았다면?",
                        "time": "05:13"
                    }
                ]
            },
            {
                "big_section": "이모티콘으로 매력적인 영상툰 만들기",
                "small_sections": [
                    {
                        "small_section": "1. SNS에 컨텐츠, 꼭 올려야 할까요?",
                        "time": "07:43"
                    },
                    {
                        "small_section": "2. 아이디어 구상하고 러프스케치하기",
                        "time": "05:27"
                    },
                    {
                        "small_section": "3. 배경 이미지 및 연결 애니메이션 만들기",
                        "time": "35:13"
                    },
                    {
                        "small_section": "4. 아이패드 동영상 편집 앱을 이용하여 쉽게 영상툰 완성하기",
                        "time": "29:20"
                    }
                ]
            },
            {
                "big_section": "완강을 축하드립니다.",
                "small_sections": [
                    {
                        "small_section": "1. 이제 여러분도 어엿한 이모티콘 작가!",
                        "time": "02:05"
                    }
                ]
            }
        ],
        "program_creator_description": "안녕하세요. 이모티콘도 그리고 만화도 그리고, 마음 내키는 대로 자유롭게 그리며 사는 작가 유랑입니다! 취미 삼아 2018년에 시작했던 이모티콘 제작은 어느새 4년이 넘게 이어지고 있어요. 저와는 떼려야 뗄 수 없는 존재가 되어버린 캐릭터들도 생겼고, 경제적으로도 삶이 풍요로워졌어요. 하지만 이 단계에 가기까지 저도 수많은 시행착오를 겪었답니다. 이번 클래스 101 강의에서는 여러분에게 좀 더 쉽고 빠른 성공의 길을 안내해드리고 싶어요. 그리고 같은 길을 걷는 작가로서 함께 성장할 수 있기를 바라봅니다.",
        "program_first_category": "디지털 드로잉",
        "program_second_category": "굿즈﹒이모티콘"
    },
    {
        "content_link": "https://class101.net/ko/products/60fe3b45cd56a4000da7172d",
        "program_name": "초보부터 인기 작가까지: 콕스의 드로잉 독학비법서",
        "program_image_url": "https://cdn.class101.net/images/3e230427-ba13-4003-bb64-e7179d625a53/320xauto.webp",
        "program_creator": "콕스",
        "program_price": "N/A",
        "program_link": "https://class101.page.link/KuzA",
        "program_difficulty": "초급 난이도",
        "program_total_time": "총 19시간 27분",
        "program_subtitles": "한국어 · 영어 · 일본어 자막",
        "program_audio_languages": "한국어 음성",
        "program_bookmark_count": "71242",
        "program_description": "클래스, 이렇게 들었어요! 이런 걸 배울 거예요 그림 입문에서 인기 작가까지의 독학 방법! 포토샵 활용의 모든 것 그림의 기초를 탄탄하게! 과거의 나에게 주고 싶은 '단 하나의 강의' 안녕하세요. 일러스트레이터이자 유튜브 콕스illust 채널을 운영하고 있는 콕스입니다. '과거 그림 입문자인 나에게 현재의 내가 USB 하나를 전해줄 수 있다면' 이 클래스의 시작은 여기서부터 출발했습니다. 작가로 활동하면서 많은 질문들을 받습니다. 그중에는 정말 절실하고 안타까운 사연들이 있습니다. 마음대로 되지 않는 그림 때문에 고통받고있는 사람들 또한 많고요. 이 클래스는 '어떻게 해야 하지? 내가 잘하고 있나? 이러다가 실패하면 어떡하지?' 하고 걱정하는 분들께 걱정 없이 그림만 그릴 수 있는 길을 제시해 드리고자 만들게 되었습니다. 콕스의 클래스에서는 이런 걸 배웁니다. 누구나 쉽게 따라 하는 글레이징 채색법! 다들 글레이징 글레이징 하길래 인터넷에서 찾아서 나도 한번 해봤더니 색감이 칙칙해지고 마음에 안 들었나요? 저도 그랬어요. 그래서 여기저기 알아보고 만져본 끝에 특별한 기술이나 재능이 있지 않아도 누구나 쉽게 할 수 있는 글레이징 채색 방법을 만들었습니다! 클립 스튜디오를 사용하시는 분들도 하실 수 있게 클립 스튜디오에서의 기능도 소개해드릴게요. 실력 향상의 치트키, 면크로키 면크로키는 제대로만 한다면 기초를 다지는 데 정말 큰 도움이 되는 연습법입니다. 면크로키는 결과보다는 과정이 정말 중요합니다. 어떤 과정으로 완성이 되는지 기초부터 완성까지 세세하게 알려드릴게요. 면크로키를 제대로 배우고 나면 머릿속의 상상을 캔버스에 자유롭게 표현할 수 있게 될 거예요. 개성을 드러내는 방법, 매력적인 얼굴 그리기 게임빌 <엘룬> 매력적인 얼굴에 대한 이야기는 100번 강조해도 전혀 아깝지 않아요. 사람들은 손가락 6개인 건 발견 못해도 눈이 조금 짝짝이인 건 기가 막히게 찾아내거든요. 얼굴을 잘 그리게 된다면 대중들에게 작가로서의 존재를 확실히 보여줄 수 있는 나만의 무기가 될 거예요. 기초부터 확실하게, 나만의 개성 있는 그림체로 캐릭터를 매력적이게 표현할 수 있는 방법을 배웁니다. 설정이 탄탄한 캐릭터 디자인을 해봐요. 에이스톰<최강의 군단> 에이스톰<최강의 군단> 설정이 탄탄하게 디자인된 캐릭터는 팬심을 불러일으킵니다. 2차 창작이 나올 수 있는 매력적인 캐릭터를 디자인하는 방법을 배워봐요. 마인드맵으로 캐릭터의 컨셉을 설정하고 스토리텔링을 부여해 생명력을 넣어주는 것부터 시작해볼게요. 또한 컨셉에 어울리는 디자인을 통해 매력적인 캐릭터를 만드는 방법까지 배워봅시다. 디자인 감각을 키우기 위해서 어떤 훈련들이 필요한지 모두 알려드릴게요. 인체 공부, 더 이상 어려워하지 마세요. 웹소설 <여고생, 귀환 신고합니다!> 인체 공부는 어떻게 시작하느냐에 따라 쉽고 재미있을 수도 있고, 지옥이 펼쳐질 수도 있습니다. 의식하지 않아도 자연스럽게 몸에 체득되는 방법으로 인체 공부를 시작해봐요. 꼭 필요한 해부학과 기본기를 채워줄 크로키 연습법부터 여러분들이 많이 헤매고 틀리는 부분까지 콕 집어서 알려드리겠습니다. 그림만 잘 그려서는 절대 생업이 될 수 없어요. 내가 아무리 잘 그린다 하더라도 사람들이 내 그림을 볼 수 있는 창구가 없다면 수익으로 연결되지 않아요. 먹고살기 위해 부업을 찾아야 하고 일에 치여서 그림에 소홀해지는 악순환이 되면 어느새 그림을 포기하게 되거든요. 이 강의를 통해 각 SNS의 특징, 팔로워 수를 늘리는 방법과 더불어 외주에 대한 이야기도 아낌없이 해드릴게요. 스스로를 마케팅하여 수익을 창출하는 방법에 대해 체계적으로 배우게 될 거예요. 10년 이상 학생들을 가르치면서 학생들의 문제점을 분석하고 원인을 찾아서 해결하는 과정을 거치며 얻은 모든 정보를 담았습니다. 그림을 그리다 보면 내가 잘하고 있는 건지 두렵고 의심이 갈 때도 있을 거예요. 이 클래스는 그 불안을 '나 지금 잘하고 있어. 계속 이렇게만 하면 돼.'라는 믿음으로 바꿔줄 것입니다.",
        "program_kit": "Adobe 최저가 패키지 구매 후 3영업일 이내에 Adobe에 등록 가능한 난수 코드 형태로 지급되며, Adobe에 직접 등록하셔서 사용하실 수 있습니다. [코드 등록 방법] 1. https://redeem.adobe.com/educard 방문 2. 로그인하거나 Adobe 계정을 만듭니다. 3. 학업 상태를 확인합니다. 교직원 선택 이름 입력 학교 : 클래스101 or class101 입력 전공분야 선택 : 아무거나 4. 상환 코드를 입력하고 \"상환 코드\"를 클릭합니다. 5. 자동 갱신을 위해 \"결제 방법 추가\" 또는 \"나중에 알림\"을 클릭합니다. 6. \"시작하기\"를 클릭합니다. 와콤, 진짜가 만들어내는 섬세함. 와콤타블렛 11종 모아보기 클래스101에서 추천하는 대중적인 와콤 타블렛 11종 모델 입니다. 나에게 알맞는 난이도, 사이즈, 제품 사양을 비교해보고 구매해보세요. 소프트웨어의 정보는 기간에 따라 변동될 수 있으니, 미리 하단의 와콤 디지시스 안내배너의 QR코드를 조회를 통해 확인하세요. [입문자용] One by wacom _CTL-472 (소형) [입문자용] One by wacom_CTL-672 (중형) [초-중급용] Intuos _CTL-4100/K0 (소형) [초-중급용] Intuos 블루투스 _CTL-4100WL/K0 (소형) [초-중급용] Intuos_CTL-6100 (중형) [초-중급용] Intuos 블루투스_CTL-6100WL/K0 (중형) [전문가용] Intuos Pro _PTH-460 (소형) [전문가용] Intuos Pro _PTH-660 (중형) [전문가용] Cintiq 16_DTK-1660/K0 [전문가용] Cintiq 22_ DTK-2260 [전문가용] Cintiq Pro 16_DT H167 WACOM 타블렛 11종 자세히 보기 1~2. [입문자용] One by wacom _CTL 472 / 672 부담없이 처음 디지털 드로잉을 시작해보고 싶은 클래스메이트님들께 추천하는 가성비 좋은 와콤 유선 판타블렛 모델입니다. 필요한 것만 알차게 담은 실속형 판 타블렛 입니다. 가장 간편하고 손쉬운 펜 파블렛으로, USB 단자를 통해 PC나 노트북에 꽂아서 바로 사용할 수 있습니다. (인터넷으로 타블렛 드라이버 다운로드 필요.) 1.[입문자용] One by wacom _CTL-472 (소형) 컬러 : Black & Red 필압 : 2,048 단계 사이즈 : 210 x 146 x 8.7 mm 작업영역 : 152 x 95 mm 제품구성 : 원바이와콤 중형 타블렛, 펜 (LP-190), USB 케이블 (1m), 교체용 표준펜심 (3개), 펜심 제거기, 퀵 스타트 가이드 2.[입문자용] One by wacom_CTL-672 (중형) 컬러 : Black & Red 필압 : 2,048 단계 사이즈 : 277 x 189 x 8.7 mm 작업영역 : 216 x 135 mm 제품구성 : 원바이와콤 중형 타블렛, 펜 (LP-190), USB 케이블 (1m), 교체용 표준펜심 (3개), 펜심 제거기, 퀵 스타트 가이드 3~6.[초-중급용] Intuos _CTL-4100/6100 처음 디지털 드로잉을 시작하는 클래스메이트님들께 추천하는 가장 보편적인 와콤 유선 판타블렛 모델입니다. 사용자 설정이 가능한 4개의 단축키로 쉽고 빠른 작업이 가능합니다. 단축키는 전 모델 동일하게 4개씩이며, 블루투스 모델은 중간에 블루투스 전원 버튼이 추가로 있습니다. 3. [초-중급용] Intuos _CTL-4100/K0 (소형) 컬러 : 블랙 필압 : 4096 단계 사이즈 : 200 x 160 x 8.8 mm 작업영역 : 152 x 95 mm 블루투스 : 미지원 제품구성 : 와콤 인튜어스 소형 타블렛, 와콤 펜 4K, USB 케이블 (케이블 밴드 포함, 1.5m), 교체용 펜심 3개 (펜 안쪽에 위치), 펜심 제거기 (펜 끝부분에 위치), 퀵 스타트 가이드 4. [초-중급용] Intuos 블루투스 _CTL-4100WL/K0 (소형) 컬러 : 블랙 필압 : 4096 단계 사이즈 : 200 x 160 x 8.8 mm 작업영역 : 152 x 95 mm 블루투스 : 지원 제품구성 : 와콤 인튜어스 소형 블루투스, 블랙 타블렛, 와콤 펜 4K, USB 케이블 (케이블 밴드 포함, 1.5m), 교체용 펜심 3개 (펜 안쪽에 위치), 펜심 제거기 (펜 끝부분에 위치), 퀵 스타트 가이드 5. [초-중급용] Intuos_CTL-6100 (중형) 컬러 : 블랙 필압 : 4096 단계 사이즈 : 264 x 200 x 8.8 mm 작업영역 : 216 x 135 mm 블루투스 : 미지원 제품구성 : Wacom Pen 4K, USB 케이블 1.5m, 3개 여분 표준 펜심(펜속에 포함), 펜 심 제거툴(펜끝 위치), 퀵 스타트 가이드 6. [초-중급용] Intuos 블루투스_CTL-6100WL/K0 (중형) 컬러 : 블랙 필압 : 4096 단계 사이즈 : 264 x 200 x 8.8 mm 작업영역 : 216 x 135 mm 블루투스 : 지원 제품구성 : Wacom Pen 4K, USB 케이블 1.5m, 3개 여분 표준 펜심(펜속에 포함), 펜 심 제거툴(펜끝 위치), 퀵 스타트 가이드 7~8.[전문가용] Intuos Pro _PTH PTH-660 제품은 종이에 스케치하고, 스캔없이 버튼하나로 간편한 디지털화 작업이 가능한 페이퍼 모드가 가능한 와콤 판타블렛 제품 입니다. 가볍고 슬림해진 디자인으로 언제, 어디서나 작업이 수월합니다. USB케이블 연결로 유선사용과, 블루투스 연결로 무선사용도 가능합니다. 8개의 익스프레스키와 터치링에 사용자 설정 단축키를 입력할 수 있습니다.(PTH-460의 경우 6개) 스마트폰과 같이 멀티 터치 제스처 사용이 가능합니다. 7.[WACOM] 인튜어스 프로 소형_ PTH-460 컬러 : 블랙 필압 : 8192 단계 사이즈 : 269 x 170 x 8 mm 작업영역 : 160 x 100 mm 페이퍼모드 : 미지원 블루투스 : 미지원 제품구성 : 인튜어스 프로 펜 타블렛, Wacom 프로 펜2, 펜스탠드(교체용 펜심 10개 포함), USB-C 타입 케이블, 퀵 스타트 가이드 8.[WACOM] 인튜어스 프로 중형_ PTH-660 컬러 : 블랙 필압 : 8192 단계 사이즈 : 338 x 219 x 8 mm 작업영역 : 224 x 148 mm 페이퍼모드 : A5 (최대 10장) 블루투스 : 지원 제품구성 : 인튜어스 프로 펜 타블렛, Wacom 프로 펜2, 펜스탠드(교체용 펜심 10개 포함), USB-C 타입 케이블, 퀵 스타트 가이드 9. [전문가용] Cintiq 16_DTK-1660/K0 와콤이 지난 35년간 주도해 온 크리에이티브 타블렛과 펜기술력을 느껴보세요. 가장 선호하는 사이즈인 16인치 화면에 와콤 프로펜2의 8K 필압을 느낄 수 있는 최고의 조합 입니다. Full HD 1920x1080 고해상도의 선명함 빛 반사가 없는 안티글래어 코팅 스크린과 내구성 눈부심 방지필름 코팅은 빛 반사 방지 뿐만 아니라 장시간 작업에 눈의 피도를 덜어주고 매끌거림이 아닌 사각거리는 펜 드로잉 느낌을 살려줍니다. PC 또는 노트북연결 작업시 3-in-1 케이블 하나로 간편한 액정타블렛. 타블렛 사용시 반드시 컴퓨터 또는 노트북과 연결하여 사용하셔야 합니다. 컬러 : 블랙 화면크기 : 15.6inch (39.6cm) 사이즈 : 422 x 285 x 24.5 mm 작업영역 : 344 x 194 mm 무게 : 1.9kg 제품구성 : Wacom Cintiq 16 액정 타블렛, Wacom Pro Pen 2,탈착식 펜 홀더와 3개의 교체용 펜심 (표준형) 및 펜심 제거 툴, 3-in-1 케이블(1.8m),AC어댑터(12V,3A,36W),전원케이블(1.8m),퀵 스타트 가이드 10. [전문가용] Cintiq 22_ DTK-2260 와콤이 지난 35년간 주도해 온 크리에이티브 타블렛과 펜기술력을 느껴보세요. 현업 작가들이 가장 많이 사용하는 22인치 화면에 와콤 프로펜2의 8K 필압을 느낄 수 있는 최고의 조합 입니다. PC 및 노트북과 반드시 연결하셔야 사용이 가능한 제품입니다. 빛 반사가 없는 안티글래어 코팅 스크린과 내구성 눈부심 방지필름 코팅은 빛 반사 방지 뿐만 아니라 장시간 작업에 눈의 피도를 덜어주고 매끌거림이 아닌 사각거리는 펜 드로잉 느낌을 살려줍니다. Cintiq 22는 상하좌우 어느각도에서 작업해도 위치에 따른 색상왜곡이 거의 없는 완벽한 색감을 제공합니다. 컬러 : 블랙 화면크기 : 21.5inch (54.6cm) 사이즈 : 570 x 359 x 40 mm 작업영역 : 476 x 268 mm 무게 : 5.6kg 제품구성 : Wacom Cintiq 22 액정 타블렛, 각도 조절식 스탠드, Wacom Pro Pen 2, 탈착식 펜 홀더 및 펜심 제거 툴 , 교체용 펜심 3개 (표준형), HDMI 케이블(2m), USB 2.0 케이블 (2m) , AC어댑터(60W), 전원케이블(1.8m), 퀵 스타트 가이드 11. [전문가용] Cintiq Pro 16_DTH167 -더 섬세하게, 더 편리하게, 자연스러운 펜의 느낌은 그대로 더 쉽고 간편하게! -HDMI & USB-C 를 통해 쉽고 편하게 개선된 연결방법 -8개의 직관적인 버튼 : 익스프레스 키 -멀티 터치 스위치 : 간편한 ON / OFF -VESA 마운트 : 타사 스탠드 또는 암 장착 -최대 3,480 x 2,160 Ultra HD, 4K해상도 컬러 : 블랙 화면크기 : 15.6inch (39.6cm) 사이즈 : 410 x 266 x 22 mm 작업영역 : 344 x 194 mm 무게 : 1.9kg 제품구성 : 액정 클리닝을 위한 융 , 퀵 스타트 가이드, Wacom 신티크 프로 16, 분리식 펜 홀더 (교체형 펜심 3개), Wacom 프로 펜 2, 펜 스탠드, HDMI 2.0 케이블(1.8m), USB-C to USB-C 케이블 (1.0m), USB-A to USB-A 케이블 (1.8m), AC 어댑터, 전원 코드 (1.0m) 타블렛의 새로운 표준, 휴이온 휴이온 타블렛 9종 모아보기 클래스101에서 추천하는 대중적인 휴이온 9종 모델입니다. 나에게 알맞는 난이도, 사이즈, 제품 사양을 비교해보고 구매해보세요. [입문자용] RTS-300 (판 타블렛) [입문자용] RTM-500 (판 타블렛) [입문자용] KAMVAS 13 (액정형 타블렛) [입문자용] KAMVAS 16 (액정형 타블렛) [초보자용] RTP-700 (판 타블렛) [준프로용] KAMVAS Pro 13 2.5K (액정형 타블렛) [준프로용] KAMVAS 22 Plus (액정형 타블렛) [준프로용] KAMVAS 24 Plus (액정형 타블렛) [프로용] KAMVAS Pro 16 Plus 4K (액정형 타블렛) 휴이온 타블렛 9종 자세히 보기 1. [입문자용] 유선 판타블렛_RTS-300 두께 8.35mm, 무게 229g으로 가볍고 휴대가 간편해 언제 어디서든 핀리하게 그림을 그릴 수 있습니다. 왼손잡이와 오른손 잡이 모두 한 손으로 작업할 수 있도록 프레스키가 패널 상단에 위치해 있습니다. 컬러 : 코스모 블랙 필압 : 8192단계 사이즈 : 200 x 163 x 8.35 mm 작업영역 : 160 x 100 mm 펜 종류 : PW400 지원 OS 운영체제: Window 7 이상 / macOS 10.12 이상 안드로이드 지원: 안드로이드 6.0이상 (펌웨어 별도설치 필요) 제품구성 : 디지털 펜, 펜홀더, 펜팁(10개), USB C to A 케이블, 퀵 스타트 가이드 2. [입문자용] 유선 판타블렛_RTM-500 두께 8.4mm, 무게 415g으로 가볍고 휴대가 간편하여 언제 어디서든 편리하게 그림을 그릴 수 있습니다. 도트 무늬가 전면에 있는 제품으로 드라이버를 통해 도트 무늬를 보고 작업영역을 쉽게 설정할 수 있습니다. 종이와 같은 질감으로 자연스럽고 편안하게 드로잉할 수 있습니다. 컬러 : 코스모 블랙 필압 : 8192단계 사이즈 : 288.3 x 178.2 x 8.4 mm 작업영역 : 221 x 138 mm 펜 종류 : PW400 (무충전식) 지원 OS 운영체제: Window 7 이상 / macOS 10.12 이상 안드로이드 지원: 안드로이드 6.0이상 (펌웨어 별도설치 필요) 제품구성 : 디지털 펜, 펜홀더, 펜팁(10개), USB C to A 케이블, 퀵 스타트 가이드 3. [입문자용] 액정 타블렛_Kamvas 13 11.8mm의 슬림한 두께를 가지고 있으며 980g의 무게로 실내 뿐 아니라 실외 드로잉을 위한 휴대가 간편한 펜 디스플레이 입니다. 펜 디스플레이와 펜 타블렛 두 가지 모드로 쉽게 전환 할 수 있습니다. 모든 기능을 갖춘 Type-C 케이블을 통해 Android 장치와의 연결을 지원하는 최초의 펜 디스플레이 컬러 : 블랙 필압 : 8192단계 사이즈 : 366.5 x 217.4 x 11.8 mm 작업영역 : 293.76 x 165.24 mm 펜 종류 : (디지털펜) PenTech 3.0 해상도 : 1920 x 1080 컬러영역 : 120% sRGB 지원 OS 운영체제: Window 7 이상 / macOS 10.12 이상 제품구성 : Kamvas 13, 3-in-1 케이블, USB 확장 케이블, PW517 펜, 펜촉 클립, 펜촉 10개입, PH05 펜 홀더, 장갑, 청소용 천, 사용 설명서 4. [입문자용] 액정 타블렛_Kamvas 16 두께 12mm, 무게 1.26kg의 슬림한 펜 디스플레이로 넓은 작업공간과 더불어 휴대가 간편합니다. USB-C to C 또는 3-in-One 케이블에 PC/안드로이드폰/타블렛/게임콘솔과 자유로운 케이블 연결이 가능합니다. IPS 기술이 적용된 생생한 디스플레이로 178도의 넓은 시야각을 갖고 있습니다. 컬러 : 코스모 블랙 필압 : 8192단계 사이즈 : 423.52 x 253 x 12 mm 작업영역 : 344.16 x 193.59 mm 펜 종류 : PW517 해상도 : 1920 x 1080 (16:9) 컬러영역 : 120% sRGB 지원 OS 운영체제: Window 7 이상 / macOS 10.12 이상 / 안드로이드 6.0이상 (펌웨어 별도설치 필요) 제품구성 : Kamvas16, 3-in-1 Cable, USB Extension Cable, Power Adapter, USB-C to USB-C Cable, Stand ST300, Battery free pen PW517, Pen Nibs PN05A x 10, Pen Nib Clip, Pen Holder PH05A, Glove, Cleaning Cloth, Quick Start Guide 5. [초보자용] 유선 판타블렛_RTP-700 두께 8.5mm, 무게 637g으로 가볍고 휴대가 간편합니다. 프로그래밍 가능한 6개의 터치 키와 터치 스트립으로 워크플로우를 간소화 합니다. 즐겨찾는 앱 및 소프트웨어를 좋아하는 키보드 단축키로 프로그래밍 할 수 있습니다. 빠른 드로잉도 지연 없는 300PPS 보고율을 갖고 있습니다. 컬러 : 코스모 블랙 필압 : 8192단계 사이즈 : 345.6 x 214.8 x 8.5 mm 작업영역 : 279.4 x 174.6 mm 펜 종류 : PW400 (무충전식) 지원 OS 운영체제: Window 7 이상 / macOS 10.12 이상 안드로이드 지원: 안드로이드 6.0이상 (펌웨어 별도설치 필요) 제품구성 : 디지털 펜, 펜홀더, 펜팁(10개), USB C to A 케이블, 퀵 스타트 가이드 6. [준프로용] 액정 타블렛_ Kamvas Pro 13 2.5K QHD 해상도로 섬세한 디테일이 돋보이며, 기존 디스플레이보다 선명함을 강조합니다. 퀸텀닷스 필름을 추가해 전문 아티스트들의 블랙과 화려한 색채 퍼포먼스를 더욱 깊게 구현합니다. IPS 화면이 탑재되어 178도의 시야각과 16.7M(8bit) 컬러 깊이의 표현감을 자랑합니다. 컬러 : 블랙 필압 : 8192단계 사이즈 : 375.5 x 229.1 x 10 mm 작업영역 : 286.5 x 179 mm 펜 종류 : PW517 해상도 : 2560 x 1600(QHD+) 지원 OS 운영체제: Window 7 이상 / macOS 10.12 이상 제품 구성 : Kamvas Pro 13, 접이식 스텐드 ST200, 베터리가 필요 없는 펜 PW517+펜 홀더, 표준 펜촉 5개, 펠트 펜촉 5개, 닙 클립, USB 전원 케이블, USB-C to USB-C Cable (1m), 3-in-2 케이블, USB 연장 케이블, 글러브, 빠른 시작가이드 , 청소용 천 7. [준프로용] 액정 타블렛_ Kamvas 22 Plus 140%의 sRGB 컬러영역과 퀀텀닷 기술을 통해 더욱 생생한 색감을 느낄 수 있습니다. 1200:1 명암비로 작업의 깊이를 더하고 1670만가지의 풍부한 색감의 21.5인치 스크린으로 더 아름다운 그림을 표현 할 수 있습니다. AG글라스로 조명이 강한 환경에서도 선명하고 깨끗한 이미지 표현이 가능합니다. 컬러 : 블랙 필압 : 8192단계 사이즈 : 546 x 323 x 19-26.7 mm 작업영역 : 476.64 x 268.11 mm 펜 종류 : PW517 해상도 : 1920 x 1080 컬러영역 : 140% sRGB 지원 OS 운영체제: Window 7 이상 / macOS 10.12 이상 / Android (USB 3.1 DP 1.2) 제품 구성 : 본체, 스타일러스 펜, 리필 펜촉, 펜 홀더, 클리닝 천, 3-in-1 케이블, 전원 어댑터, 전원 케이블, USB-C 케이블, 보증서, 빠른 시작 가이드, 펜 촉 클립, 드로잉 장갑 8. [준프로용] 액정 타블렛_ Kamvas 24 Plus QHD 해상도와 23.8인치 화면을 갖춰 더욱 선명하고 디테일한 이미지를 만들 수 있습니다. 색 렌더링 지수를 높여 컬러 디스플레이를 보다 자연스럽고 균형있게 만들고, 사용자의 눈을 보호하기 위해 유해한 블루라이트를 걸러낼 수 있습니다. 풀 라미네이션 스크린으로 눈부심을 완화하고 종이에 펜으로 그리는 경험을 제공합니다. 컬러 : 다크 그레이 필압 : 8192단계 사이즈 : 504.2 x 358 x 21-28.3 mm 작업영역 : 526.85 x 296.35 mm 펜 종류 : PW517 해상도 : 2560 x 1440(QHD) 지원 OS 운영체제: Window 7 이상 / macOS 10.12 이상 / Android (USB 3.1 DP 1.2) 제품구성 : 스탠드, 디지털펜, 펜홀더, 펜팁, 드로잉 장갑, 클리닝 천, 빠른 설명서, 전원 어댑터, 전원 케이블, 3-in-1 케이블, USB-C 케이블 9. [프로용] 액정 타블렛_ Kamvas Pro 16 Plus 4K FHD의 4배나 더 높은 4K로 15.6인치 화면에서 약 800만 픽셀의 놀아운 화질을 보장합니다. 4K UHD 화면으로 모든 디테일을 명확하게 표현합니다. 첨단 퀀텀닷 기술을 탑재한 디스플레이로 눈에 해로운 블루라이트를 효과적으로 차단하여 눈의 피로를 크게 줄여줍니다. 눈부심 방지 처리된 유리와 스크린이 매끄럽게 겹쳐 화면의 투명도를 높이고 펜과 화면간의 거리를 줄여 종이위에 펜으로 그리는 듯한 경험을 선사합니다. 컬러 : 다크 그레이 필압 : 8192단계 사이즈 : 402.7 x 257.4 x 13 mm 작업영역 : 345.6 x 194.4 mm 펜 종류 : PW517 해상도 : 3840 x 2160(UHD) 지원 OS 운영체제: Window 7 이상 / macOS 10.12 이상 / Android 6.0 이상 제품구성 : 스탠드, 디지털 펜, 펜케이스, 펜팁, 펜홀더, 펜팁 클립, 3-in-1 케이블, USB 연장케이블, USB-C 케이블, 파워 케이블, 파워 어댑터, 워런티 카드, 빠른 설명서, 클리닝 천, 드로잉 장갑 Phone or Canvas? 안드로이드 기기와 연결 시 휴이온 전용 앱 사용을 권장합니다. 구글 플레이 스토어에서 휴이온 스케치를 검색하세요. 휴이온 드라이버 다운로드_ https://huionshop.com/pds 휴이온 펌웨어 다운로드_ https://huionshop.com/82 제품문의_www.HUION-SDF.com 기술문의_1644-9688 새로운 타블렛의 시작, 파블로 파블로 타블렛 10종 모아보기 클래스101에서 추천하는 대중적인 파블로 10종 모델입니다. 나에게 알맞는 난이도, 사이즈, 제품 사양을 비교해보고 구매해보세요. [입문자용] Ninos N4 타블렛 [입문자용] Ninos N7 타블렛 [입문자용] Ninos N7B 타블렛 [입문자용] Ninos N10 타블렛 [입문자용] Ninos N10B 타블렛 [입문자용] A640 V2 타블렛 [초중급용] Intangbo S 타블렛 [초중급용] Intangbo M 타블렛 [초중급용] Coast 16 Pro 액정타블렛 [초중급용] Coast 22 Pro 액정타블렛 파블로 타블렛 10종 자세히보기 1. [입문자용] Ninos N4 타블렛 6.8mm 두께 , 4X3 inch의 작업영역으로 슬림하고 콤팩트한 디자인의 타블렛 입니다. 무선 배터리가 필요 없는 전자기 공명 펜 기술의 무충전펜을 사용합니다. 컬러 : 블랙 펜 정보 : 8192 필압, 무충전펜 사이즈 : 4 inch 작업영역 : 4x3 inch 연결방식 : USB-C 익스프레스 키 유무 : x 지원OS : 윈도우 / 맥OS 제품구성 : 본품, 무충전펜, 펜홀더, 펜팁, 펜클립, OTG 젠더, USB-C 케이블, 사용자매뉴얼 2. [입문자용] Ninos N7/N7B 타블렛 7.5mm 두께 , 7 x 4.37 inch 작업영역의 슬림하고 콤팩트한 디자인의 타블렛 입니다. 무선 배터리가 필요 없는 전자기 공명 펜 기술의 무충전펜을 사용합니다. ± 60 ° 펜 틸트 기능을 지원합니다. N7B 타블렛의 경우 초보자가 그리기를 배우기 더 편리한 4개의 익스프레스키가 있습니다. 컬러 : 블랙 펜 정보 : 8192 필압, 무충전펜 사이즈 : 7 inch 작업영역 : 7x4.37 inch 연결방식 : USB-C 익스프레스 키 유무 : N7B의 경우 4 단축키 지원OS : 윈도우 / 맥OS 제품구성 : 본품, 무충전펜, 펜홀더, 펜팁, 펜클립, OTG 젠더, USB-C 케이블, 사용자매뉴얼 3. [입문자용] Ninos N10 / N10B 타블렛 8.5mm 두께, 7 x 4.37 inch 작업영역의 슬림하고 콤팩트한 디자인의 타블렛 입니다. 무선 배터리가 필요 없는 전자기 공명 펜 기술의 무충전펜을 사용합니다. ± 60 ° 펜 틸트 기능을 지원합니다. N10B 타블렛의 경우 초보자가 그리기를 배우기 더 편리한 4개의 익스프레스키가 있습니다. 컬러 : 블랙 펜 정보 : 8192 필압, 무충전펜 사이즈 : 10 inch 작업영역 : 10X6.25 inch 연결방식 : USB-C 익스프레스 키 유무 : N7\\10B의 경우 6 단축키 지원OS : 윈도우 / 맥OS 제품구성 : 본품, 무충전펜, 펜홀더, 펜팁, 펜클립, OTG 젠더, USB-C 케이블, 사용자매뉴얼 4. [입문자용] A640 V2 타블렛 단축키설정 가능한 4개의 key로 손쉽고 빠른 작업이 가능합니다. 초당 266회 이상의 반응속도의 충전이 필요없는 무충전펜을 사용합니다. 안드로이드 기반 스마트폰 & 타블렛 연동이 가능합니다. 컬러 : 블랙 펜 정보 : 8192 필압, 무충전펜 사이즈 : 6 inch 작업영역 : 6X4 inch 연결방식 : USB-C 익스프레스 키 유무 : 4 단축키 지원OS : 윈도우 / 맥OS 제품구성 : 본품, 무충전펜, 펜홀더, 펜팁, 펜클립, OTG 젠더, USB-C 케이블, 사용자매뉴얼 5. [초중급용] Intangbo S / M 타블렛 섬세한 묘사, 획이 많은 판서 작업 시에는 큰 사이즈를, 간단한 메모 및 서명, 입문자는 작은 사이즈를 추천 드립니다. 8개의 버튼식 key와 1개의 다이얼링으로 손의 움직임을 최소화 합니다. 윈도우 & 맥 M1칩셋과 모두 호환됩니다. 컬러 : 블랙 펜 정보 : 8192 필압, 무충전펜 사이즈 : S- 7 inch, M-10 inch 작업영역 : S - 7x4 inch, M-10x6.25 inch 연결방식 : USB-C 익스프레스 키 유무 : 1 다이얼 + 8 단축키 지원OS : 윈도우 / 맥OS 제품구성 : 본품, 무충전펜, 펜홀더, 펜팁, 펜클립, OTG 젠더, USB-C 케이블, 드로잉장갑, 사용자매뉴얼, 클리닝천 6. [초중급용] Coast 16 Pro 액정타블렛 92% NTSC 색상영역과 15.6인치 1920x1080 HD 드로잉 태블릿으로 이미지의 세부 사항을 넓은 범위, 높은 밝기 및 대비로 유지합니다. 업무효율성 향상을 위한 진동 단축키 6개를 제공하며 제공되는 프로그램을 통해 개별설정이 가능합니다. LCD 패널과 무광택 보호 필름이 결합되어 있어 종이에 그림을 그리는 것처럼 눈부심과 반사를 줄여 눈을 보호할 수 있습니다. Mac OS/Windows와 모두 호환 됩니다. 컬러 : 블랙 펜 정보 : 8192 필압, 무충전펜 사이즈 : 15.6 inch 작업영역 : 344.16 x 193.59 (mm) 연결방식 : USB-C & 3in1 (2USB,HDMI) 디스플레이 : 1920X1080 FHD 익스프레스 키 유무 : 진동 단축키 지원OS : 윈도우 / 맥OS 제품구성 : 본품, 무충전펜, 펜홀더, 펜팁, 펜클립, 3 in 1 케이블, C to C 케이블, 전원 USB 케이블, 드로잉장갑, 사용자매뉴얼, 클리닝천 7. [초중급용] Coast 22 Pro 액정타블렛 21.5인치의 넓은 화면에 고급 VA패널 사용으로 3000:1 명암비에 실제에 가까운 풍부한 색을 구현합니다. 본체 내장형 스탠드로 모니터암 사용시 별도로 탈착이 필요 없습니다. Full-laminated Screen 화면으로 눈부심 방지 필름이 장시간 사용하는 전문가의 시력을 보호하며 화면과 펜의 유격을 최소화합니다. Mac OS/Windows와 모두 호환 됩니다. 컬러 : 블랙 펜 정보 : 8192 필압, 무충전펜 사이즈 : 21.5 inch 작업영역 : 476.64 x 268.11mm 연결방식 : USB-C & HDMI 디스플레이 : 1920X1080 FHD 익스프레스 키 유무 : X 지원OS : 윈도우 / 맥OS 제품구성 : 본품, 무충전펜, 펜홀더, 펜팁, 펜클립, 3 in 1 케이블, C to C 케이블, 전원어댑터, 드로잉장갑, 사용자매뉴얼, 클리닝천 아래 링크를 통해 파블로 드라이버를 다운 받으세요 모델별 드라이버 다운로드 링크 https://support.parblo.com/hc/en-us/categories/360000467273-Download-Drivers 위 사이트 접속 후, 설치하고자 하시는 모델명을 클릭 후, 다운로드 설치 하십시오. 설치 전 타사(와콤, 휴이온 등) 드라이버는 삭제 하십시오. (단축키 등 작동에 문제가 생길 수 있습니다.) ❗주요 안내사항 입니다. 타블렛은 개봉 후 환불이 불가 합니다. Macbook 혹은 iMac의 경우 타블렛과 컴퓨터를 연결할 USB Type-C 허브가 필요할 수 있으며, 별도 구매가 필요한 점 참고 부탁 드립니다. 제품사양은 변동될 가능성이 있으므로 각 브랜드사에서 정확한 사양을 확인하실 수 있습니다. 🚚배송 관련 안내 입니다. 상품불량 및 오배송 문의는 클래스101 고객센터로 문의 부탁 드립니다. 제품 특성상 단순변심으로 인한 반품 요청시, 개봉상품은 교환 및 환불이 어렵습니다.",
        "program_start_date": "2022년 11월 21일 수강 시작",
        "program_video_count": "영상 57개",
        "program_curriculum": [
            {
                "big_section": "[기간 한정] 콕 아저씨의 즐거운 그림 상담소!",
                "small_sections": [
                    {
                        "small_section": "1. 클래스 수강 전, 여러분의 그림을 보여주세요",
                        "time": "05:00"
                    }
                ]
            },
            {
                "big_section": "초보 그림러가 인기 작가가 되는 법, 콕스의 독학비법서",
                "small_sections": [
                    {
                        "small_section": "1. 안녕하세요, 일러스트레이터 콕스입니다.",
                        "time": "04:10"
                    },
                    {
                        "small_section": "2. 각 챕터를 들어야 하는 이유 요약 정리!",
                        "time": "07:39"
                    },
                    {
                        "small_section": "3. 앞으로 사용하게 될 그림용어 정리",
                        "time": "16:12"
                    },
                    {
                        "small_section": "4. ☆클래스 수강생들중 상위 10%가 되는 방법",
                        "time": "10:24"
                    }
                ]
            },
            {
                "big_section": "포토샵 완전정복",
                "small_sections": [
                    {
                        "small_section": "1. 일러스트를 그리기 위한 포토샵 기능 총정리! PART 1",
                        "time": "30:13"
                    },
                    {
                        "small_section": "2. 일러스트를 그리기 위한 포토샵 기능 총정리! PART 2",
                        "time": "36:19"
                    },
                    {
                        "small_section": "3. 일러스트를 그릴 때 가장 많이 사용하는 핵심 기능 심화 (단축키)",
                        "time": "13:40"
                    },
                    {
                        "small_section": "4. ☆그림 그리는 뇌 100% 활용해서 사용하는 방법",
                        "time": "11:28"
                    },
                    {
                        "small_section": "5. BONUS 클립스튜디오, 프로크리에이트 유저들을 위한 기능 설명",
                        "time": "20:45"
                    }
                ]
            },
            {
                "big_section": "초보자도 쉽게 배우는 글레이징 채색법",
                "small_sections": [
                    {
                        "small_section": "1. 전문가가  사용하는 글레이징 채색법이 초보자에게도 딱인 이유!",
                        "time": "06:15"
                    },
                    {
                        "small_section": "2. 글레이징에 필요한 포토샵 기능과 적용법",
                        "time": "37:39"
                    },
                    {
                        "small_section": "3. [초급] 첨부 자료에 글레이징 채색법으로 개성있는 캐릭터 완성하기!",
                        "time": "30:12"
                    },
                    {
                        "small_section": "4. [중급] 그림의 완성도를 2배 이상 끌어올릴 수 있는 방법",
                        "time": "29:02"
                    },
                    {
                        "small_section": "5. 글레이징에서 사람들이 많이 실수하는 부분 쪽집게 과외",
                        "time": "24:39"
                    },
                    {
                        "small_section": "6. ☆그림실력 최단기간 성장시킬 수 있는 '이것' 의 트레이닝법",
                        "time": "13:04"
                    },
                    {
                        "small_section": "7. BONUS 글레이징에 필요한 클립스튜디오, 프로크리에이트 기능과 적용법",
                        "time": "04:36"
                    }
                ]
            },
            {
                "big_section": "실력향상의 치트키 면크로키!",
                "small_sections": [
                    {
                        "small_section": "1. 브러쉬 사용법 기초부터 심화까지!",
                        "time": "18:51"
                    },
                    {
                        "small_section": "2. 평면을 입체로 만드는 방법, 기초 빛과 어둠",
                        "time": "21:32"
                    },
                    {
                        "small_section": "3. 실력향상의 치트키 면크로키! 제대로 연습하는 방법",
                        "time": "33:10"
                    },
                    {
                        "small_section": "4. 평면을 입체로 만드는 방법, 중급 명도대비",
                        "time": "14:29"
                    },
                    {
                        "small_section": "5. ☆상위 0.1%의 비밀. 메타인지 공부법",
                        "time": "10:28"
                    },
                    {
                        "small_section": "6. BONUS 면크로키 피드백 강의",
                        "time": "19:02"
                    }
                ]
            },
            {
                "big_section": "쉽고 재미있게 시작하는 인체드로잉",
                "small_sections": [
                    {
                        "small_section": "1. 초보자가 인체를 공부하는 순서",
                        "time": "22:33"
                    },
                    {
                        "small_section": "2. 입문자부터 중급자까지 부족한 기본기를 채워줄 다양한 선 크로키 연습법",
                        "time": "21:52"
                    },
                    {
                        "small_section": "3. 크로키할 때 알아야할 기본 인체 구조",
                        "time": "1:01:29"
                    },
                    {
                        "small_section": "4. 인체를 그릴 때 사람들이 많이 실수하는 부분 쪽집게 과외",
                        "time": "32:57"
                    },
                    {
                        "small_section": "5. ☆슬럼프는 왜 생기는걸까? 위기를 기회로!",
                        "time": "07:14"
                    }
                ]
            },
            {
                "big_section": "그림 실력 200% 끌어올릴 수 있는 제대로 된 자료 찾기",
                "small_sections": [
                    {
                        "small_section": "1. 그림 실력 200% 끌어올릴 수 있는 제대로 된 자료란?",
                        "time": "20:36"
                    },
                    {
                        "small_section": "2. 독창적인 아이디어와 기발한 발상을 하기 위한 준비작업",
                        "time": "09:24"
                    },
                    {
                        "small_section": "3. 내가 필요로 하는 자료를 정확히 찾아내는 방법",
                        "time": "09:14"
                    },
                    {
                        "small_section": "4. 대비를 이용한 다양한 질감표현 방법 PART 1",
                        "time": "31:13"
                    },
                    {
                        "small_section": "5. 대비를 이용한 다양한 질감표현 방법 PART 2",
                        "time": "19:47"
                    }
                ]
            },
            {
                "big_section": "매력적인 얼굴 그리기 [초급~중급]",
                "small_sections": [
                    {
                        "small_section": "1. 얼굴의 구조 기초",
                        "time": "20:27"
                    },
                    {
                        "small_section": "2. 이목구비의 구조 기초",
                        "time": "39:18"
                    },
                    {
                        "small_section": "3. 머리카락 쉽게 그리는 방법 [초급~중급]",
                        "time": "33:20"
                    },
                    {
                        "small_section": "4. 예쁘고 잘생기게 그리는 노하우 대방출",
                        "time": "39:04"
                    },
                    {
                        "small_section": "5. ☆자신만의 매력적인 그림체를 만드는 방법",
                        "time": "12:37"
                    }
                ]
            },
            {
                "big_section": "매력적인 캐릭터 디자인하기",
                "small_sections": [
                    {
                        "small_section": "1. 마인드맵을 이용한 생명력있고 매력적인 캐릭터 디자인 방법",
                        "time": "33:19"
                    },
                    {
                        "small_section": "2. 디자인의 핵심 컨셉과 실루엣",
                        "time": "24:17"
                    },
                    {
                        "small_section": "3. 트랜드를 섞어 매력적인 디자인으로!  패션감각 훈련하기",
                        "time": "08:43"
                    },
                    {
                        "small_section": "4. 디자인의 뇌를 키우는 오브젝트 의인화",
                        "time": "21:34"
                    }
                ]
            },
            {
                "big_section": "이것만은 꼭 알아야할 기초 이론!",
                "small_sections": [
                    {
                        "small_section": "1. [기초] 복잡하고 어려운 투시 내 그림에 쉽게 적용하는 방법!",
                        "time": "28:56"
                    },
                    {
                        "small_section": "2. 캐릭터 디자인을 할때 계산하는 모든 것",
                        "time": "22:16"
                    },
                    {
                        "small_section": "3. 색감을 향상시키는 가장 효율적인 연습방법!",
                        "time": "16:07"
                    },
                    {
                        "small_section": "4. 컬러링과 입체를 표현할때 계산하는 모든 것",
                        "time": "18:59"
                    }
                ]
            },
            {
                "big_section": "[심화] 콕스의 작업과정",
                "small_sections": [
                    {
                        "small_section": "1. 캐릭터 디자인하기. 구도 정하고 러프 스케치",
                        "time": "18:15"
                    },
                    {
                        "small_section": "2. 모노톤으로 완성하기",
                        "time": "18:16"
                    },
                    {
                        "small_section": "3. 글레이징으로 채색하기",
                        "time": "14:30"
                    },
                    {
                        "small_section": "4. 퀄리티를 높여 그림을 완성할때 계산하는 모든 것",
                        "time": "12:41"
                    },
                    {
                        "small_section": "5. ☆내 그림의 완성도를 높이기 위한 연습방법!",
                        "time": "19:08"
                    }
                ]
            },
            {
                "big_section": "인기 작가로 월 1000만원 버는법",
                "small_sections": [
                    {
                        "small_section": "1. 아무도 내 그림에 관심을 가져 주지 않는다고요? 이거 꼭 보세요",
                        "time": "15:57"
                    },
                    {
                        "small_section": "2. 아티스트분야의 SNS 각각의 특징과 팔로워수 늘리는 방법",
                        "time": "32:14"
                    },
                    {
                        "small_section": "3. 수익 창출의 루트, 내 그림으로 돈을 벌고 외주비를 높이는 방법",
                        "time": "23:34"
                    },
                    {
                        "small_section": "4. ☆돈걱정 없이 원하는 그림 그리며 살기 위해 콕스가 하는 것",
                        "time": "06:39"
                    }
                ]
            },
            {
                "big_section": "A/S 추가 강의!",
                "small_sections": [
                    {
                        "small_section": "1. 당신이 아무리 크로키를 해도 실력이 늘지 않는 이유",
                        "time": "29:40"
                    }
                ]
            },
            {
                "big_section": "감사합니다",
                "small_sections": [
                    {
                        "small_section": "1. 수강생 분들의 여정의 시작을 진심으로 응원합니다",
                        "time": "02:22"
                    }
                ]
            }
        ],
        "program_creator_description": "안녕하세요. 콕스Illust 유튜브 채널을 운영하고 있는 일러스트레이터 콕스입니다. 이런 생각으로부터 시작하였습니다. 7년간 게임회사에서 일러스트레이터, 캐릭터 원화가의 경력과 약 10년간 미술학원, CG 학원, 대학교에서의 강의 경험을 바탕으로 그림 초보자가 독학을 해서 수익이 나기 위한 방법에 대해서 핵심만 담아 영상을 만들었습니다.",
        "program_first_category": "디지털 드로잉",
        "program_second_category": "컨셉아트"
    }
]